Organ_Level,organ_ID,Annotation_Label,Annotation_Label_ID,CL_Label,CL_ID,CL_Match,marker/1,marker/2,marker/3,marker/4,marker/5,marker/6,marker/7,marker/8,marker/9,marker/10
heart_celltype.l2,UBERON:0000948,Adipocyte,AZ:0000001,adipocyte,CL:0000136,skos:exactMatch,,,,,,,,,,
heart_celltype.l2,UBERON:0000948,Arterial Endothelial,AZ:0000002,endothelial cell of artery,CL:1000413,skos:exactMatch,,,,,,,,,,
heart_celltype.l2,UBERON:0000948,Atrial Cardiomyocyte,AZ:0000003,regular atrial cardiac myocyte,CL:0002129,skos:exactMatch,,,,,,,,,,
heart_celltype.l2,UBERON:0000948,B,AZ:0000004,B cell,CL:0000236,skos:exactMatch,,,,,,,,,,
heart_celltype.l2,UBERON:0000948,Capillary Endothelial,AZ:0000005,capillary endothelial cell,CL:0002144,skos:exactMatch,,,,,,,,,,
heart_celltype.l2,UBERON:0000948,Endocardial,AZ:0000006,endocardial cell,CL:0002350,skos:exactMatch,,,,,,,,,,
heart_celltype.l2,UBERON:0000948,Endothelial,AZ:0000007,endothelial cell,CL:0000115,skos:exactMatch,,,,,,,,,,
heart_celltype.l2,UBERON:0000948,Fibroblast,AZ:0000008,fibroblast,CL:0000057,skos:exactMatch,,,,,,,,,,
heart_celltype.l2,UBERON:0000948,ILC,AZ:0000009,innate lymphoid cell,CL:0001065,skos:exactMatch,,,,,,,,,,
heart_celltype.l2,UBERON:0000948,Lymphatic Endothelial,AZ:0000010,endothelial cell of lymphatic vessel,CL:0002138,skos:exactMatch,,,,,,,,,,
heart_celltype.l2,UBERON:0000948,Macrophage,AZ:0000011,macrophage,CL:0000235,skos:exactMatch,,,,,,,,,,
heart_celltype.l2,UBERON:0000948,Mast,AZ:0000012,mast cell,CL:0000097,skos:exactMatch,,,,,,,,,,
heart_celltype.l2,UBERON:0000948,Mesothelial,AZ:0000013,mesothelial cell,CL:0000077,skos:exactMatch,,,,,,,,,,
heart_celltype.l2,UBERON:0000948,Monocyte/cDC,AZ:0000014,monocyte-derived dendritic cell,CL:0011031,skos:exactMatch,,,,,,,,,,
heart_celltype.l2,UBERON:0000948,Neuronal,AZ:0000015,Schwann cell,CL:0002573,skos:exactMatch,,,,,,,,,,
heart_celltype.l2,UBERON:0000948,NK,AZ:0000016,natural killer cell,CL:0000623,skos:exactMatch,,,,,,,,,,
heart_celltype.l2,UBERON:0000948,Pericyte,AZ:0000017,pericyte,CL:0000669,skos:exactMatch,,,,,,,,,,
heart_celltype.l2,UBERON:0000948,Smooth Muscle,AZ:0000018,smooth muscle cell,CL:0000192,skos:exactMatch,,,,,,,,,,
heart_celltype.l2,UBERON:0000948,T,AZ:0000019,T cell,CL:0000084,skos:exactMatch,,,,,,,,,,
heart_celltype.l2,UBERON:0000948,Venous Endothelial,AZ:0000020,endothelial cell of venule,CL:1000414,skos:exactMatch,,,,,,,,,,
heart_celltype.l2,UBERON:0000948,Ventricular Cardiomycoyte,AZ:0000021,regular ventricular cardiac myocyte,CL:0002131,skos:exactMatch,,,,,,,,,,
kidney_annotation.l3,UBERON:0002113,Afferent / Efferent Arteriole Endothelial,AZ:0000022,endothelial cell of arteriole,CL:1000412,skos:exactMatch,,,,,,,,,,
kidney_annotation.l3,UBERON:0002113,Ascending Thin Limb,AZ:0000023,kidney loop of Henle thin ascending limb epithelial cell,CL:1001107,skos:exactMatch,,,,,,,,,,
kidney_annotation.l3,UBERON:0002113,Ascending Vasa Recta Endothelial,AZ:0000024,vasa recta ascending limb cell,CL:1001131,skos:exactMatch,,,,,,,,,,
kidney_annotation.l3,UBERON:0002113,B,AZ:0000025,B cell,CL:0000236,skos:exactMatch,,,,,,,,,,
kidney_annotation.l3,UBERON:0002113,Classical Dendritic,AZ:0000026,conventional dendritic cell,CL:0000990,skos:exactMatch,,,,,,,,,,
kidney_annotation.l3,UBERON:0002113,Connecting Tubule,AZ:0000027,kidney connecting tubule epithelial cell,CL:1000768,skos:exactMatch,,,,,,,,,,
kidney_annotation.l3,UBERON:0002113,Connecting Tubule Intercalated Type A,AZ:0000028,kidney connecting tubule alpha-intercalated cell,CL:4030020,skos:exactMatch,,,,,,,,,,
kidney_annotation.l3,UBERON:0002113,Connecting Tubule Principal,AZ:0000029,kidney connecting tubule principal cell,CL:4030018,skos:exactMatch,,,,,,,,,,
kidney_annotation.l3,UBERON:0002113,Cortical Collecting Duct Intercalated Type A,AZ:0000030,kidney cortex collecting duct intercalated cell,CL:1000715,skos:exactMatch,,,,,,,,,,
kidney_annotation.l3,UBERON:0002113,Cortical Collecting Duct Principal,AZ:0000031,kidney cortex collecting duct principal cell,CL:1000714,skos:exactMatch,,,,,,,,,,
kidney_annotation.l3,UBERON:0002113,Cortical Thick Ascending Limb,AZ:0000032,kidney loop of Henle cortical thick ascending limb epithelial cell,CL:1001109,skos:exactMatch,,,,,,,,,,
kidney_annotation.l3,UBERON:0002113,Cortical Vascular Smooth Muscle / Pericyte,AZ:0000033,renal interstitial pericyte,CL:1001318,skos:exactMatch,,,,,,,,,,
kidney_annotation.l3,UBERON:0002113,Cycling Mononuclear Phagocyte,AZ:0000034,mononuclear phagocyte,CL:0000113,skos:exactMatch,,,,,,,,,,
kidney_annotation.l3,UBERON:0002113,Descending Thin Limb Type 1,AZ:0000035,kidney loop of Henle short descending thin limb epithelial cell,CL:4030012,skos:exactMatch,,,,,,,,,,
kidney_annotation.l3,UBERON:0002113,Descending Thin Limb Type 2,AZ:0000036,kidney loop of Henle long descending thin limb outer medulla epithelial cell,CL:4030013,skos:exactMatch,,,,,,,,,,
kidney_annotation.l3,UBERON:0002113,Descending Thin Limb Type 3,AZ:0000037,kidney loop of Henle long descending thin limb inner medulla epithelial cell,CL:4030014,skos:exactMatch,,,,,,,,,,
kidney_annotation.l3,UBERON:0002113,Descending Vasa Recta Endothelial,AZ:0000038,vasa recta descending limb cell,CL:1001285,skos:exactMatch,,,,,,,,,,
kidney_annotation.l3,UBERON:0002113,Distal Convoluted Tubule Type 1,AZ:0000039,epithelial cell of early distal convoluted tubule,CL:4030016,skos:exactMatch,,,,,,,,,,
kidney_annotation.l3,UBERON:0002113,Distal Convoluted Tubule Type 2,AZ:0000040,epithelial cell of late distal convoluted tubule,CL:4030017,skos:exactMatch,,,,,,,,,,
kidney_annotation.l3,UBERON:0002113,Fibroblast,AZ:0000041,kidney interstitial fibroblast,CL:1000692,skos:exactMatch,,,,,,,,,,
kidney_annotation.l3,UBERON:0002113,Glomerular Capillary Endothelial,AZ:0000042,glomerular capillary endothelial cell,CL:1001005,skos:exactMatch,,,,,,,,,,
kidney_annotation.l3,UBERON:0002113,Inner Medullary Collecting Duct,AZ:0000043,kidney inner medulla collecting duct principal cell,CL:1000718,skos:exactMatch,,,,,,,,,,
kidney_annotation.l3,UBERON:0002113,Intercalated Type B,AZ:0000044,renal beta-intercalated cell,CL:0002201,skos:exactMatch,,,,,,,,,,
kidney_annotation.l3,UBERON:0002113,Lymphatic Endothelial,AZ:0000045,endothelial cell of lymphatic vessel,CL:0002138,skos:exactMatch,,,,,,,,,,
kidney_annotation.l3,UBERON:0002113,M2 Macrophage,AZ:0000046,alternatively activated macrophage,CL:0000890,skos:exactMatch,,,,,,,,,,
kidney_annotation.l3,UBERON:0002113,Macula Densa,AZ:0000047,macula densa epithelial cell,CL:1000850,skos:exactMatch,,,,,,,,,,
kidney_annotation.l3,UBERON:0002113,Mast,AZ:0000048,mast cell,CL:0000097,skos:exactMatch,,,,,,,,,,
kidney_annotation.l3,UBERON:0002113,Medullary Fibroblast,AZ:0000049,renal medullary fibroblast,CL:4030022,skos:exactMatch,,,,,,,,,,
kidney_annotation.l3,UBERON:0002113,Medullary Thick Ascending Limb,AZ:0000050,kidney loop of Henle medullary thick ascending limb epithelial cell,CL:1001108,skos:exactMatch,,,,,,,,,,
kidney_annotation.l3,UBERON:0002113,Mesangial,AZ:0000051,mesangial cell,CL:0000650,skos:exactMatch,,,,,,,,,,
kidney_annotation.l3,UBERON:0002113,Monocyte-derived,AZ:0000052,monocyte-derived dendritic cell,CL:0011031,skos:exactMatch,,,,,,,,,,
kidney_annotation.l3,UBERON:0002113,Natural Killer T,AZ:0000053,mature NK T cell,CL:0000814,skos:exactMatch,,,,,,,,,,
kidney_annotation.l3,UBERON:0002113,Neutrophil,AZ:0000054,neutrophil,CL:0000775,skos:exactMatch,,,,,,,,,,
kidney_annotation.l3,UBERON:0002113,Non-classical monocyte,AZ:0000055,non-classical monocyte,CL:0000875,skos:exactMatch,,,,,,,,,,
kidney_annotation.l3,UBERON:0002113,Outer Medullary Collecting Duct Intercalated Type A,AZ:0000056,kidney outer medulla collecting duct intercalated cell,CL:1000717,skos:exactMatch,,,,,,,,,,
kidney_annotation.l3,UBERON:0002113,Outer Medullary Collecting Duct Principal,AZ:0000057,kidney outer medulla collecting duct principal cell,CL:1000716,skos:exactMatch,,,,,,,,,,
kidney_annotation.l3,UBERON:0002113,Papillary Tip Epithelial,AZ:0000058,papillary tips cell,CL:1000597,skos:exactMatch,,,,,,,,,,
kidney_annotation.l3,UBERON:0002113,Parietal Epithelial,AZ:0000059,parietal epithelial cell,CL:1000452,skos:exactMatch,,,,,,,,,,
kidney_annotation.l3,UBERON:0002113,Peritubular Capilary Endothelial,AZ:0000060,peritubular capillary endothelial cell,CL:1001033,skos:exactMatch,,,,,,,,,,
kidney_annotation.l3,UBERON:0002113,Plasma,AZ:0000061,plasma cell,CL:0000786,skos:exactMatch,,,,,,,,,,
kidney_annotation.l3,UBERON:0002113,Plasmacytoid Dendritic,AZ:0000062,"plasmacytoid dendritic cell, human",CL:0001058,skos:exactMatch,,,,,,,,,,
kidney_annotation.l3,UBERON:0002113,Podocyte,AZ:0000063,podocyte,CL:0000653,skos:exactMatch,,,,,,,,,,
kidney_annotation.l3,UBERON:0002113,Proximal Tubule Epithelial Segment 1,AZ:0000064,epithelial cell of proximal tubule segment 1,CL:4030009,skos:exactMatch,,,,,,,,,,
kidney_annotation.l3,UBERON:0002113,Proximal Tubule Epithelial Segment 2,AZ:0000065,epithelial cell of proximal tubule segment 2,CL:4030010,skos:exactMatch,,,,,,,,,,
kidney_annotation.l3,UBERON:0002113,Proximal Tubule Epithelial Segment 3,AZ:0000066,epithelial cell of proximal tubule segment 3,CL:4030011,skos:exactMatch,,,,,,,,,,
kidney_annotation.l3,UBERON:0002113,Renin-positive Juxtaglomerular Granular,AZ:0000067,kidney granular cell,CL:0000648,skos:exactMatch,,,,,,,,,,
kidney_annotation.l3,UBERON:0002113,Schwann / Neural,AZ:0000068,Schwann cell,CL:0002573,skos:exactMatch,,,,,,,,,,
kidney_annotation.l3,UBERON:0002113,T,AZ:0000069,T cell,CL:0000084,skos:exactMatch,,,,,,,,,,
kidney_annotation.l3,UBERON:0002113,Vascular Smooth Muscle / Pericyte,AZ:0000070,renal interstitial pericyte,CL:1001318,skos:exactMatch,,,,,,,,,,
lung_ann_finest_level,UBERON:0002048,Adventitial fibroblasts,AZ:0000071,alveolar type 2 fibroblast cell,CL:4028006,skos:exactMatch,,,,,,,,,,
lung_ann_finest_level,UBERON:0002048,Alveolar fibroblasts,AZ:0000072,alveolar type 1 fibroblast cell,CL:4028004,skos:exactMatch,,,,,,,,,,
lung_ann_finest_level,UBERON:0002048,Alveolar macrophages,AZ:0000073,alveolar macrophage,CL:0000583,skos:exactMatch,,,,,,,,,,
lung_ann_finest_level,UBERON:0002048,Alveolar Mφ CCL3+,AZ:0000074,CCL3-positive alveolar macrophage,CL:4033041,skos:exactMatch,,,,,,,,,,
lung_ann_finest_level,UBERON:0002048,Alveolar Mφ MT-positive,AZ:0000075,metallothionein-positive alveolar macrophage,CL:4033042,skos:exactMatch,,,,,,,,,,
lung_ann_finest_level,UBERON:0002048,Alveolar Mφ proliferating,AZ:0000076,alveolar macrophage:proliferating,CL:0000583,skos:narrowMatch,,,,,,,,,,
lung_ann_finest_level,UBERON:0002048,AT1,AZ:0000077,type I pneumocyte,CL:0002062,skos:exactMatch,,,,,,,,,,
lung_ann_finest_level,UBERON:0002048,AT2,AZ:0000078,type II pneumocyte,CL:0002063,skos:exactMatch,,,,,,,,,,
lung_ann_finest_level,UBERON:0002048,AT2 proliferating,AZ:0000079,type II pneumocyte:proliferating,CL:0002063,skos:narrowMatch,,,,,,,,,,
lung_ann_finest_level,UBERON:0002048,B cells,AZ:0000080,B cell,CL:0000236,skos:exactMatch,,,,,,,,,,
lung_ann_finest_level,UBERON:0002048,Basal resting,AZ:0000081,respiratory basal cell,CL:0002633,skos:exactMatch,,,,,,,,,,
lung_ann_finest_level,UBERON:0002048,CD4 T cells,AZ:0000082,CD4-positive helper T cell,CL:0000492,skos:exactMatch,,,,,,,,,,
lung_ann_finest_level,UBERON:0002048,CD8 T cells,AZ:0000083,"effector memory CD8-positive, alpha-beta T cell",CL:0000913,skos:exactMatch,,,,,,,,,,
lung_ann_finest_level,UBERON:0002048,Classical monocytes,AZ:0000084,monocyte,CL:0000576,skos:exactMatch,,,,,,,,,,
lung_ann_finest_level,UBERON:0002048,Club (nasal),AZ:0000085,club cell:nasal,CL:0000158,skos:narrowMatch,,,,,,,,,,
lung_ann_finest_level,UBERON:0002048,Club (non-nasal),AZ:0000086,club cell:non-nasal,CL:0000158,skos:narrowMatch,,,,,,,,,,
lung_ann_finest_level,UBERON:0002048,DC1,AZ:0000087,CD141-positive myeloid dendritic cell,CL:0002394,skos:exactMatch,,,,,,,,,,
lung_ann_finest_level,UBERON:0002048,DC2,AZ:0000088,CD1c-positive myeloid dendritic cell,CL:0002399,skos:exactMatch,,,,,,,,,,
lung_ann_finest_level,UBERON:0002048,Deuterosomal,AZ:0000089,deuterosomal cell,CL:4033044,skos:exactMatch,,,,,,,,,,
lung_ann_finest_level,UBERON:0002048,EC aerocyte capillary,AZ:0000090,alveolar capillary type 2 endothelial cell,CL:4028003,skos:exactMatch,,,,,,,,,,
lung_ann_finest_level,UBERON:0002048,EC arterial,AZ:0000091,endothelial cell of artery,CL:1000413,skos:exactMatch,,,,,,,,,,
lung_ann_finest_level,UBERON:0002048,EC general capillary,AZ:0000092,capillary endothelial cell,CL:0002144,skos:exactMatch,,,,,,,,,,
lung_ann_finest_level,UBERON:0002048,EC venous pulmonary,AZ:0000093,endothelial cell of venule:pulmonary,CL:1000414,skos:narrowMatch,,,,,,,,,,
lung_ann_finest_level,UBERON:0002048,EC venous systemic,AZ:0000094,endothelial cell of venule,CL:1000414,skos:exactMatch,,,,,,,,,,
lung_ann_finest_level,UBERON:0002048,Fibromyocytes,AZ:0000095,fibroblast of lung:fibromyocyte,CL:0002553,skos:narrowMatch,,,,,,,,,,
lung_ann_finest_level,UBERON:0002048,Goblet (bronchial),AZ:0000096,tracheobronchial goblet cell,CL:0019003,skos:exactMatch,,,,,,,,,,
lung_ann_finest_level,UBERON:0002048,Goblet (nasal),AZ:0000097,nasal mucosa goblet cell,CL:0002480,skos:exactMatch,,,,,,,,,,
lung_ann_finest_level,UBERON:0002048,Goblet (subsegmental),AZ:0000098,lung goblet cell,CL:1000143,skos:exactMatch,,,,,,,,,,
lung_ann_finest_level,UBERON:0002048,Interstitial Mφ perivascular,AZ:0000099,tissue-resident macrophage,CL:0000864,skos:exactMatch,,,,,,,,,,
lung_ann_finest_level,UBERON:0002048,Ionocyte,AZ:0000100,ionocyte,CL:0005006,skos:exactMatch,,,,,,,,,,
lung_ann_finest_level,UBERON:0002048,Lymphatic EC differentiating,AZ:0000101,endothelial cell of lymphatic vessel:differentiating,CL:0002138,skos:narrowMatch,,,,,,,,,,
lung_ann_finest_level,UBERON:0002048,Lymphatic EC mature,AZ:0000102,endothelial cell of lymphatic vessel:mature,CL:0002138,skos:narrowMatch,,,,,,,,,,
lung_ann_finest_level,UBERON:0002048,Lymphatic EC proliferating,AZ:0000103,endothelial cell of lymphatic vessel:proliferating,CL:0002138,skos:narrowMatch,,,,,,,,,,
lung_ann_finest_level,UBERON:0002048,Mast cells,AZ:0000104,mast cell,CL:0000097,skos:exactMatch,,,,,,,,,,
lung_ann_finest_level,UBERON:0002048,Mesothelium,AZ:0000105,mesothelial cell of pleura,CL:1000491,skos:exactMatch,,,,,,,,,,
lung_ann_finest_level,UBERON:0002048,Migratory DCs,AZ:0000106,lung migratory dendritic cell,CL:4033045,skos:exactMatch,,,,,,,,,,
lung_ann_finest_level,UBERON:0002048,Monocyte derived Mφ,AZ:0000107,lung macrophage:monocyte derived,CL:1001603,skos:narrowMatch,,,,,,,,,,
lung_ann_finest_level,UBERON:0002048,Multiciliated (nasal),AZ:0000108,multi-ciliated epithelial cell:nasal,CL:0005012,skos:narrowMatch,,,,,,,,,,
lung_ann_finest_level,UBERON:0002048,Multiciliated (non-nasal),AZ:0000109,multi-ciliated epithelial cell:non-nasal,CL:0005012,skos:narrowMatch,,,,,,,,,,
lung_ann_finest_level,UBERON:0002048,Myofibroblasts,AZ:0000110,myofibroblast cell,CL:0000186,skos:exactMatch,,,,,,,,,,
lung_ann_finest_level,UBERON:0002048,Neuroendocrine,AZ:0000111,neuroendocrine cell,CL:0000165,skos:exactMatch,,,,,,,,,,
lung_ann_finest_level,UBERON:0002048,NK cells,AZ:0000112,natural killer cell,CL:0000623,skos:exactMatch,,,,,,,,,,
lung_ann_finest_level,UBERON:0002048,Non classical monocytes,AZ:0000113,non-classical monocyte,CL:0000875,skos:exactMatch,,,,,,,,,,
lung_ann_finest_level,UBERON:0002048,Peribronchial fibroblasts,AZ:0000114,pulmonary interstitial fibroblast,CL:0002241,skos:exactMatch,,,,,,,,,,
lung_ann_finest_level,UBERON:0002048,Pericytes,AZ:0000115,lung pericyte,CL:0009089,skos:exactMatch,,,,,,,,,,
lung_ann_finest_level,UBERON:0002048,Plasma cells,AZ:0000116,plasma cell,CL:0000786,skos:exactMatch,,,,,,,,,,
lung_ann_finest_level,UBERON:0002048,Plasmacytoid DCs,AZ:0000117,"plasmacytoid dendritic cell, human",CL:0001058,skos:exactMatch,,,,,,,,,,
lung_ann_finest_level,UBERON:0002048,SM activated stress response,AZ:0000118,serous secreting cell:activated,CL:0000313,skos:narrowMatch,,,,,,,,,,
lung_ann_finest_level,UBERON:0002048,SMG duct,AZ:0000119,airway submucosal gland collecting duct epithelial cell,CL:4033023,skos:exactMatch,,,,,,,,,,
lung_ann_finest_level,UBERON:0002048,SMG mucous,AZ:0000120,mucus secreting cell of bronchus submucosal gland,CL:4033022,skos:exactMatch,,,,,,,,,,
lung_ann_finest_level,UBERON:0002048,SMG serous (bronchial),AZ:0000121,serous secreting cell of bronchus submucosal gland,CL:4033005,skos:exactMatch,,,,,,,,,,
lung_ann_finest_level,UBERON:0002048,SMG serous (nasal),AZ:0000122,serous secreting cell:nasal,CL:0000313,skos:narrowMatch,,,,,,,,,,
lung_ann_finest_level,UBERON:0002048,Smooth muscle,AZ:0000123,smooth muscle cell,CL:0000192,skos:exactMatch,,,,,,,,,,
lung_ann_finest_level,UBERON:0002048,Subpleural fibroblasts,AZ:0000124,mesothelial fibroblast,CL:4023054,skos:exactMatch,,,,,,,,,,
lung_ann_finest_level,UBERON:0002048,Suprabasal,AZ:0000125,respiratory basal cell,CL:0002633,skos:exactMatch,,,,,,,,,,
lung_ann_finest_level,UBERON:0002048,T cells proliferating,AZ:0000126,T cell:proliferating,CL:0000084,skos:narrowMatch,,,,,,,,,,
lung_ann_finest_level,UBERON:0002048,Transitional Club AT2,AZ:0000127,club cell:transitional alveolar type 2 epithelial cell,CL:0000158,skos:narrowMatch,,,,,,,,,,
lung_ann_finest_level,UBERON:0002048,Tuft,AZ:0000128,brush cell of trachebronchial tree,CL:0002075,skos:exactMatch,,,,,,,,,,
liver_celltype.l2,UBERON:0002107,B,AZ:0000129,B cell,CL:0000236,skos:exactMatch,,,,,,,,,,
liver_celltype.l2,UBERON:0002107,CD4 T,AZ:0000130,"CD4-positive, alpha-beta T cell",CL:0000624,skos:exactMatch,,,,,,,,,,
liver_celltype.l2,UBERON:0002107,CD8 T,AZ:0000131,"CD8-positive, alpha-beta T cell",CL:0000625,skos:exactMatch,,,,,,,,,,
liver_celltype.l2,UBERON:0002107,Cholangiocyte,AZ:0000132,cholangiocyte,CL:1000488,skos:exactMatch,,,,,,,,,,
liver_celltype.l2,UBERON:0002107,DC1,AZ:0000133,CD141-positive myeloid dendritic cell,CL:0002394,skos:exactMatch,,,,,,,,,,
liver_celltype.l2,UBERON:0002107,DC2,AZ:0000134,CD1c-positive myeloid dendritic cell,CL:0002399,skos:exactMatch,,,,,,,,,,
liver_celltype.l2,UBERON:0002107,Erythrocyte,AZ:0000135,erythrocyte,CL:0000232,skos:exactMatch,,,,,,,,,,
liver_celltype.l2,UBERON:0002107,Hepatocyte,AZ:0000136,hepatocyte,CL:0000182,skos:exactMatch,,,,,,,,,,
liver_celltype.l2,UBERON:0002107,HSC,AZ:0000137,hepatic stellate cell,CL:0000632,skos:exactMatch,,,,,,,,,,
liver_celltype.l2,UBERON:0002107,Inflammatory Macrophage,AZ:0000138,inflammatory macrophage,CL:0000863,skos:exactMatch,,,,,,,,,,
liver_celltype.l2,UBERON:0002107,Mast,AZ:0000139,mast cell,CL:0000097,skos:exactMatch,,,,,,,,,,
liver_celltype.l2,UBERON:0002107,Monocyte,AZ:0000140,monocyte,CL:0000576,skos:exactMatch,,,,,,,,,,
liver_celltype.l2,UBERON:0002107,Myofibroblast,AZ:0000141,myofibroblast cell,CL:0000186,skos:exactMatch,,,,,,,,,,
liver_celltype.l2,UBERON:0002107,NK,AZ:0000142,natural killer cell,CL:0000623,skos:exactMatch,,,,,,,,,,
liver_celltype.l2,UBERON:0002107,NK_CD56bright,AZ:0000143,"CD16-negative, CD56-bright natural killer cell, human",CL:0000938,skos:exactMatch,,,,,,,,,,
liver_celltype.l2,UBERON:0002107,Noninflammatory Macrophage,AZ:0000144,alternatively activated macrophage,CL:0000890,skos:exactMatch,,,,,,,,,,
liver_celltype.l2,UBERON:0002107,pDC,AZ:0000145,plasmacytoid dendritic cell,CL:0000784,skos:exactMatch,,,,,,,,,,
liver_celltype.l2,UBERON:0002107,Plasma,AZ:0000146,plasma cell,CL:0000786,skos:exactMatch,,,,,,,,,,
liver_celltype.l2,UBERON:0002107,Portal Fibroblast,AZ:0000147,hepatic portal fibroblast,CL:0009100,skos:exactMatch,,,,,,,,,,
liver_celltype.l2,UBERON:0002107,Proliferating T/NK,AZ:0000148,alpha-beta T cell,CL:0000789,skos:exactMatch,,,,,,,,,,
liver_celltype.l2,UBERON:0002107,Sinusoidal Endothelial,AZ:0000149,endothelial cell of hepatic sinusoid,CL:1000398,skos:exactMatch,,,,,,,,,,
liver_celltype.l2,UBERON:0002107,Vascual Central Venous Endothelial,AZ:0000150,endothelial cell of central vein of liver,CL:4033061,skos:exactMatch,,,,,,,,,,
liver_celltype.l2,UBERON:0002107,Vascual Portal Endothelial,AZ:0000151,endothelial cell of hepatic portal vein,CL:0009094,skos:exactMatch,,,,,,,,,,
intestine_L3,UBERON:0000160,Naive B,AZ:0000152,naive B cell,CL:0000788,skos:exactMatch,,,,,,,,,,
intestine_L3,UBERON:0000160,Plasma,AZ:0000153,plasma cell,CL:0000786,skos:exactMatch,,,,,,,,,,
intestine_L3,UBERON:0000160,CD8 T,AZ:0000154,"CD8-positive, alpha-beta T cell",CL:0000625,skos:exactMatch,,,,,,,,,,
intestine_L3,UBERON:0000160,CD4 T,AZ:0000155,"CD4-positive, alpha-beta T cell",CL:0000624,skos:exactMatch,,,,,,,,,,
intestine_L3,UBERON:0000160,Cycling B,AZ:0000156,B cell:cycling,CL:0000236,skos:narrowMatch,,,,,,,,,,
intestine_L3,UBERON:0000160,Enterocyte,AZ:0000157,enterocyte,CL:0000584,skos:exactMatch,,,,,,,,,,
intestine_L3,UBERON:0000160,FDC,AZ:0000158,follicular dendritic cell,CL:0000442,skos:exactMatch,,,,,,,,,,
intestine_L3,UBERON:0000160,NK,AZ:0000159,natural killer cell,CL:0000623,skos:exactMatch,,,,,,,,,,
intestine_L3,UBERON:0000160,Memory B,AZ:0000160,memory B cell,CL:0000787,skos:exactMatch,,,,,,,,,,
intestine_L3,UBERON:0000160,Myofibroblast,AZ:0000161,myofibroblast cell,CL:0000186,skos:exactMatch,,,,,,,,,,
intestine_L3,UBERON:0000160,TA,AZ:0000162,transit amplifying cell,CL:0009010,skos:exactMatch,,,,,,,,,,
intestine_L3,UBERON:0000160,Stem,AZ:0000163,stem cell,CL:0000034,skos:exactMatch,,,,,,,,,,
intestine_L3,UBERON:0000160,Mesoderm,AZ:0000164,mesodermal cell,CL:0000222,skos:exactMatch,,,,,,,,,,
intestine_L3,UBERON:0000160,DC,AZ:0000165,"dendritic cell, human",CL:0001056,skos:exactMatch,,,,,,,,,,
intestine_L3,UBERON:0000160,Arterial EC,AZ:0000166,endothelial cell of artery,CL:1000413,skos:exactMatch,,,,,,,,,,
intestine_L3,UBERON:0000160,ILC,AZ:0000167,innate lymphoid cell,CL:0001065,skos:exactMatch,,,,,,,,,,
intestine_L3,UBERON:0000160,LEC,AZ:0000168,endothelial cell of lymphatic vessel,CL:0002138,skos:exactMatch,,,,,,,,,,
intestine_L3,UBERON:0000160,Macrophages,AZ:0000169,macrophage,CL:0000235,skos:exactMatch,,,,,,,,,,
intestine_L3,UBERON:0000160,Capillary,AZ:0000170,capillary endothelial cell,CL:0002144,skos:exactMatch,,,,,,,,,,
intestine_L3,UBERON:0000160,Mast,AZ:0000171,mast cell,CL:0000097,skos:exactMatch,,,,,,,,,,
intestine_L3,UBERON:0000160,Goblet,AZ:0000172,intestine goblet cell,CL:0019031,skos:exactMatch,,,,,,,,,,
intestine_L3,UBERON:0000160,Enteroendocrine,AZ:0000173,enteroendocrine cell,CL:0000164,skos:exactMatch,,,,,,,,,,
intestine_L3,UBERON:0000160,Tuft,AZ:0000174,intestinal tuft cell,CL:0019032,skos:exactMatch,,,,,,,,,,
intestine_L3,UBERON:0000160,Stromal 1,AZ:0000175,stromal cell:1,CL:0000499,skos:narrowMatch,,,,,,,,,,
intestine_L3,UBERON:0000160,Undifferentiated,AZ:0000176,Undifferentiated,AZ:0000176,skos:exactMatch,,,,,,,,,,
intestine_L3,UBERON:0000160,Progenitor B,AZ:0000177,pro-B cell,CL:0000826,skos:exactMatch,,,,,,,,,,
intestine_L3,UBERON:0000160,Pericyte,AZ:0000178,pericyte,CL:0000669,skos:exactMatch,,,,,,,,,,
intestine_L3,UBERON:0000160,Stromal 3,AZ:0000179,stromal cell:3,CL:0000499,skos:narrowMatch,,,,,,,,,,
intestine_L3,UBERON:0000160,Venous EC,AZ:0000180,vein endothelial cell,CL:0002543,skos:exactMatch,,,,,,,,,,
intestine_L3,UBERON:0000160,Proximal Progenitor,AZ:0000181,Proximal Progenitor,AZ:0000181,skos:exactMatch,,,,,,,,,,
intestine_L3,UBERON:0000160,Stromal 2,AZ:0000182,stromal cell:2,CL:0000499,skos:narrowMatch,,,,,,,,,,
intestine_L3,UBERON:0000160,Epithelial,AZ:0000183,epithelial cell,CL:0000066,skos:exactMatch,,,,,,,,,,
intestine_L3,UBERON:0000160,SMC,AZ:0000184,enteric smooth muscle cell,CL:0002504,skos:exactMatch,,,,,,,,,,
intestine_L3,UBERON:0000160,Glia,AZ:0000185,enteroglial cell,CL:4040002,skos:exactMatch,,,,,,,,,,
intestine_L3,UBERON:0000160,Paneth,AZ:0000186,paneth cell,CL:0000510,skos:exactMatch,,,,,,,,,,
intestine_L3,UBERON:0000160,Colonocyte,AZ:0000187,enterocyte of colon,CL:1000347,skos:exactMatch,,,,,,,,,,
intestine_L3,UBERON:0000160,GdT,AZ:0000188,gamma-delta T cell,CL:0000798,skos:exactMatch,,,,,,,,,,
intestine_L3,UBERON:0000160,Monocytes,AZ:0000189,monocyte,CL:0000576,skos:exactMatch,,,,,,,,,,
intestine_L3,UBERON:0000160,ENCC/Glia,AZ:0000190,migratory enteric neural crest cell,CL:0002607,skos:exactMatch,,,,,,,,,,
intestine_L3,UBERON:0000160,Mesothelium,AZ:0000191,mesothelial cell,CL:0000077,skos:exactMatch,,,,,,,,,,
intestine_L3,UBERON:0000160,Microfold,AZ:0000192,M cell of gut,CL:0000682,skos:exactMatch,,,,,,,,,,
intestine_L3,UBERON:0000160,RBC,AZ:0000193,erythrocyte,CL:0000232,skos:exactMatch,,,,,,,,,,
intestine_L3,UBERON:0000160,Branch,AZ:0000194,migratory enteric neural crest cell,CL:0002607,skos:exactMatch,,,,,,,,,,
intestine_L3,UBERON:0000160,Neuroblast,AZ:0000195,neural progenitor cell,CL:0011020,skos:exactMatch,,,,,,,,,,
intestine_L3,UBERON:0000160,Megakaryocyte,AZ:0000196,megakaryocyte,CL:0000556,skos:exactMatch,,,,,,,,,,
intestine_L3,UBERON:0000160,Neutrophil,AZ:0000197,neutrophil,CL:0000775,skos:exactMatch,,,,,,,,,,
Human_PBMC_L3,UBERON:0000178,ASDC_mDC,AZ:0000198,myeloid dendritic cell:AXL+,CL:0000782,skos:narrowMatch,,,,,,,,,,
Human_PBMC_L3,UBERON:0000178,ASDC_pDC,AZ:0000199,plasmacytoid dendritic cell:AXL+,CL:0000784,skos:narrowMatch,,,,,,,,,,
Human_PBMC_L3,UBERON:0000178,B intermediate kappa,AZ:0000200,transitional stage B cell:kappa light chain,CL:0000818,skos:narrowMatch,,,,,,,,,,
Human_PBMC_L3,UBERON:0000178,B intermediate lambda,AZ:0000201,transitional stage B cell:lambda light chain,CL:0000818,skos:narrowMatch,,,,,,,,,,
Human_PBMC_L3,UBERON:0000178,B memory kappa,AZ:0000202,memory B cell:kappa light chain,CL:0000787,skos:narrowMatch,,,,,,,,,,
Human_PBMC_L3,UBERON:0000178,B memory lambda,AZ:0000203,memory B cell:lambda light chain,CL:0000787,skos:narrowMatch,,,,,,,,,,
Human_PBMC_L3,UBERON:0000178,B naive kappa,AZ:0000204,naive B cell:kappa light chain,CL:0000788,skos:narrowMatch,,,,,,,,,,
Human_PBMC_L3,UBERON:0000178,B naive lambda,AZ:0000205,naive B cell:lambda light chain,CL:0000788,skos:narrowMatch,,,,,,,,,,
Human_PBMC_L3,UBERON:0000178,CD14 Mono,AZ:0000206,"CD14-positive, CD16-negative classical monocyte",CL:0002057,skos:exactMatch,,,,,,,,,,
Human_PBMC_L3,UBERON:0000178,CD16 Mono,AZ:0000207,"CD14-low, CD16-positive monocyte",CL:0002396,skos:exactMatch,,,,,,,,,,
Human_PBMC_L3,UBERON:0000178,CD4 CTL,AZ:0000208,"CD4-positive, alpha-beta cytotoxic T cell",CL:0000934,skos:exactMatch,,,,,,,,,,
Human_PBMC_L3,UBERON:0000178,CD4 Naive,AZ:0000209,"naive thymus-derived CD4-positive, alpha-beta T cell",CL:0000895,skos:exactMatch,,,,,,,,,,
Human_PBMC_L3,UBERON:0000178,CD4 Proliferating,AZ:0000210,"activated CD4-positive, alpha-beta T cell:proliferating",CL:0000896,skos:narrowMatch,,,,,,,,,,
Human_PBMC_L3,UBERON:0000178,CD4 TCM_1,AZ:0000211,"CD4-positive, alpha-beta memory T cell:1",CL:0000897,skos:narrowMatch,,,,,,,,,,
Human_PBMC_L3,UBERON:0000178,CD4 TCM_2,AZ:0000212,"CD4-positive, alpha-beta memory T cell:2",CL:0000897,skos:narrowMatch,,,,,,,,,,
Human_PBMC_L3,UBERON:0000178,CD4 TCM_3,AZ:0000213,"CD4-positive, alpha-beta memory T cell:3",CL:0000897,skos:narrowMatch,,,,,,,,,,
Human_PBMC_L3,UBERON:0000178,CD4 TEM_1,AZ:0000214,"effector CD4-positive, alpha-beta T cell:1",CL:0001044,skos:narrowMatch,,,,,,,,,,
Human_PBMC_L3,UBERON:0000178,CD4 TEM_2,AZ:0000215,"effector CD4-positive, alpha-beta T cell:2",CL:0001044,skos:narrowMatch,,,,,,,,,,
Human_PBMC_L3,UBERON:0000178,CD4 TEM_3,AZ:0000216,"effector CD4-positive, alpha-beta T cell:3",CL:0001044,skos:narrowMatch,,,,,,,,,,
Human_PBMC_L3,UBERON:0000178,CD4 TEM_4,AZ:0000217,"effector CD4-positive, alpha-beta T cell:4",CL:0001044,skos:narrowMatch,,,,,,,,,,
Human_PBMC_L3,UBERON:0000178,CD8 Naive,AZ:0000218,"naive thymus-derived CD8-positive, alpha-beta T cell",CL:0000900,skos:narrowMatch,,,,,,,,,,
Human_PBMC_L3,UBERON:0000178,CD8 Naive_2,AZ:0000219,"naive thymus-derived CD8-positive, alpha-beta T cell:2",CL:0000900,skos:narrowMatch,,,,,,,,,,
Human_PBMC_L3,UBERON:0000178,CD8 Proliferating,AZ:0000220,"activated CD8-positive, alpha-beta T cell:proliferating",CL:0000906,skos:narrowMatch,,,,,,,,,,
Human_PBMC_L3,UBERON:0000178,CD8 TCM_1,AZ:0000221,"CD8-positive, alpha-beta memory T cell:1",CL:0000909,skos:narrowMatch,,,,,,,,,,
Human_PBMC_L3,UBERON:0000178,CD8 TCM_2,AZ:0000222,"CD8-positive, alpha-beta memory T cell:2",CL:0000909,skos:narrowMatch,,,,,,,,,,
Human_PBMC_L3,UBERON:0000178,CD8 TCM_3,AZ:0000223,"CD8-positive, alpha-beta memory T cell:3",CL:0000909,skos:narrowMatch,,,,,,,,,,
Human_PBMC_L3,UBERON:0000178,CD8 TEM_1,AZ:0000224,"effector CD8-positive, alpha-beta T cell:1",CL:0001050,skos:narrowMatch,,,,,,,,,,
Human_PBMC_L3,UBERON:0000178,CD8 TEM_2,AZ:0000225,"effector CD8-positive, alpha-beta T cell:2",CL:0001050,skos:narrowMatch,,,,,,,,,,
Human_PBMC_L3,UBERON:0000178,CD8 TEM_3,AZ:0000226,"effector CD8-positive, alpha-beta T cell:3",CL:0001050,skos:narrowMatch,,,,,,,,,,
Human_PBMC_L3,UBERON:0000178,CD8 TEM_4,AZ:0000227,"effector CD8-positive, alpha-beta T cell:4",CL:0001050,skos:narrowMatch,,,,,,,,,,
Human_PBMC_L3,UBERON:0000178,CD8 TEM_5,AZ:0000228,"effector CD8-positive, alpha-beta T cell:5",CL:0001050,skos:narrowMatch,,,,,,,,,,
Human_PBMC_L3,UBERON:0000178,CD8 TEM_6,AZ:0000229,"effector CD8-positive, alpha-beta T cell:6",CL:0001050,skos:narrowMatch,,,,,,,,,,
Human_PBMC_L3,UBERON:0000178,cDC1,AZ:0000230,CD141-positive myeloid dendritic cell,CL:0002394,skos:exactMatch,,,,,,,,,,
Human_PBMC_L3,UBERON:0000178,cDC2_1,AZ:0000231,CD1c-positive myeloid dendritic cell,CL:0002399,skos:exactMatch,,,,,,,,,,
Human_PBMC_L3,UBERON:0000178,cDC2_2,AZ:0000232,CD1c-positive myeloid dendritic cell,CL:0002399,skos:exactMatch,,,,,,,,,,
Human_PBMC_L3,UBERON:0000178,dnT_1,AZ:0000233,"CD4-negative, CD8-negative, alpha-beta intraepithelial T cell:1",CL:0000935,skos:narrowMatch,,,,,,,,,,
Human_PBMC_L3,UBERON:0000178,dnT_2,AZ:0000234,"CD4-negative, CD8-negative, alpha-beta intraepithelial T cell:2",CL:0000935,skos:narrowMatch,,,,,,,,,,
Human_PBMC_L3,UBERON:0000178,Eryth,AZ:0000235,erythroid lineage cell,CL:0000764,skos:exactMatch,,,,,,,,,,
Human_PBMC_L3,UBERON:0000178,gdT_1,AZ:0000236,gamma-delta T cell:1,CL:0000798,skos:narrowMatch,,,,,,,,,,
Human_PBMC_L3,UBERON:0000178,gdT_2,AZ:0000237,gamma-delta T cell:2,CL:0000798,skos:narrowMatch,,,,,,,,,,
Human_PBMC_L3,UBERON:0000178,gdT_3,AZ:0000238,gamma-delta T cell:3,CL:0000798,skos:narrowMatch,,,,,,,,,,
Human_PBMC_L3,UBERON:0000178,gdT_4,AZ:0000239,gamma-delta T cell:4,CL:0000798,skos:narrowMatch,,,,,,,,,,
Human_PBMC_L3,UBERON:0000178,HSPC,AZ:0000240,hematopoietic precursor cell,CL:0008001,skos:exactMatch,,,,,,,,,,
Human_PBMC_L3,UBERON:0000178,ILC,AZ:0000241,innate lymphoid cell,CL:0001065,skos:exactMatch,,,,,,,,,,
Human_PBMC_L3,UBERON:0000178,MAIT,AZ:0000242,mucosal invariant T cell,CL:0000940,skos:exactMatch,,,,,,,,,,
Human_PBMC_L3,UBERON:0000178,NK Proliferating,AZ:0000243,natural killer cell:proliferating,CL:0000623,skos:narrowMatch,,,,,,,,,,
Human_PBMC_L3,UBERON:0000178,NK_1,AZ:0000244,"CD16-positive, CD56-dim natural killer cell, human:1",CL:0000939,skos:narrowMatch,,,,,,,,,,
Human_PBMC_L3,UBERON:0000178,NK_2,AZ:0000245,"CD16-positive, CD56-dim natural killer cell, human:2",CL:0000939,skos:narrowMatch,,,,,,,,,,
Human_PBMC_L3,UBERON:0000178,NK_3,AZ:0000246,"CD16-positive, CD56-dim natural killer cell, human:3",CL:0000939,skos:narrowMatch,,,,,,,,,,
Human_PBMC_L3,UBERON:0000178,NK_4,AZ:0000247,"CD16-positive, CD56-dim natural killer cell, human:4",CL:0000939,skos:narrowMatch,,,,,,,,,,
Human_PBMC_L3,UBERON:0000178,NK_CD56bright,AZ:0000248,"CD16-negative, CD56-bright natural killer cell, human",CL:0000938,skos:narrowMatch,,,,,,,,,,
Human_PBMC_L3,UBERON:0000178,pDC,AZ:0000249,plasmacytoid dendritic cell,CL:0000784,skos:exactMatch,,,,,,,,,,
Human_PBMC_L3,UBERON:0000178,Plasma,AZ:0000250,plasma cell,CL:0000786,skos:exactMatch,,,,,,,,,,
Human_PBMC_L3,UBERON:0000178,Plasmablast,AZ:0000251,plasmablast,CL:0000980,skos:exactMatch,,,,,,,,,,
Human_PBMC_L3,UBERON:0000178,Platelet,AZ:0000252,platelet,CL:0000233,skos:exactMatch,,,,,,,,,,
Human_PBMC_L3,UBERON:0000178,Treg Memory,AZ:0000253,memory regulatory T cell,CL:0002678,skos:exactMatch,,,,,,,,,,
Human_PBMC_L3,UBERON:0000178,Treg Naive,AZ:0000254,naive regulatory T cell,CL:0002677,skos:exactMatch,,,,,,,,,,
Human_PBMC_L1,UBERON:0000178,Mono,AZ:0000255,Mono,AZ:0000255,skos:exactMatch,,,,,,,,,,
Human_PBMC_L1,UBERON:0000178,CD4 T,AZ:0000256,CD4 T,AZ:0000256,skos:exactMatch,,,,,,,,,,
Human_PBMC_L1,UBERON:0000178,CD8 T,AZ:0000257,CD8 T,AZ:0000257,skos:exactMatch,,,,,,,,,,
Human_PBMC_L1,UBERON:0000178,NK,AZ:0000258,NK,AZ:0000258,skos:exactMatch,,,,,,,,,,
Human_PBMC_L1,UBERON:0000178,B,AZ:0000259,B cell,CL:0000236,skos:exactMatch,,,,,,,,,,
Human_PBMC_L1,UBERON:0000178,other T,AZ:0000260,other T,AZ:0000260,skos:exactMatch,,,,,,,,,,
Human_PBMC_L1,UBERON:0000178,DC,AZ:0000261,DC,AZ:0000261,skos:exactMatch,,,,,,,,,,
,,,AZ:0000262,,AZ:0000262,,,,,,,,,,,
,,,AZ:0000263,,AZ:0000263,,,,,,,,,,,
,,,AZ:0000264,,AZ:0000264,,,,,,,,,,,
,,,AZ:0000265,,AZ:0000265,,,,,,,,,,,
,,,AZ:0000266,,AZ:0000266,,,,,,,,,,,
,,,AZ:0000267,,AZ:0000267,,,,,,,,,,,
,,,AZ:0000268,,AZ:0000268,,,,,,,,,,,
,,,AZ:0000269,,AZ:0000269,,,,,,,,,,,
,,,AZ:0000270,,AZ:0000270,,,,,,,,,,,
,,,AZ:0000271,,AZ:0000271,,,,,,,,,,,
,,,AZ:0000272,,AZ:0000272,,,,,,,,,,,
,,,AZ:0000273,,AZ:0000273,,,,,,,,,,,
,,,AZ:0000274,,AZ:0000274,,,,,,,,,,,
,,,AZ:0000275,,AZ:0000275,,,,,,,,,,,
,,,AZ:0000276,,AZ:0000276,,,,,,,,,,,
,,,AZ:0000277,,AZ:0000277,,,,,,,,,,,
,,,AZ:0000278,,AZ:0000278,,,,,,,,,,,
,,,AZ:0000279,,AZ:0000279,,,,,,,,,,,
,,,AZ:0000280,,AZ:0000280,,,,,,,,,,,
,,,AZ:0000281,,AZ:0000281,,,,,,,,,,,
,,,AZ:0000282,,AZ:0000282,,,,,,,,,,,
,,,AZ:0000283,,AZ:0000283,,,,,,,,,,,
,,,AZ:0000284,,AZ:0000284,,,,,,,,,,,
,,,AZ:0000285,,AZ:0000285,,,,,,,,,,,
,,,AZ:0000286,,AZ:0000286,,,,,,,,,,,
,,,AZ:0000287,,AZ:0000287,,,,,,,,,,,
,,,AZ:0000288,,AZ:0000288,,,,,,,,,,,
,,,AZ:0000289,,AZ:0000289,,,,,,,,,,,
,,,AZ:0000290,,AZ:0000290,,,,,,,,,,,
,,,AZ:0000291,,AZ:0000291,,,,,,,,,,,
,,,AZ:0000292,,AZ:0000292,,,,,,,,,,,
,,,AZ:0000293,,AZ:0000293,,,,,,,,,,,
,,,AZ:0000294,,AZ:0000294,,,,,,,,,,,
,,,AZ:0000295,,AZ:0000295,,,,,,,,,,,
,,,AZ:0000296,,AZ:0000296,,,,,,,,,,,
,,,AZ:0000297,,AZ:0000297,,,,,,,,,,,
,,,AZ:0000298,,AZ:0000298,,,,,,,,,,,
,,,AZ:0000299,,AZ:0000299,,,,,,,,,,,
,,,AZ:0000300,,AZ:0000300,,,,,,,,,,,
,,,AZ:0000301,,AZ:0000301,,,,,,,,,,,
,,,AZ:0000302,,AZ:0000302,,,,,,,,,,,
,,,AZ:0000303,,AZ:0000303,,,,,,,,,,,
,,,AZ:0000304,,AZ:0000304,,,,,,,,,,,
,,,AZ:0000305,,AZ:0000305,,,,,,,,,,,
,,,AZ:0000306,,AZ:0000306,,,,,,,,,,,
,,,AZ:0000307,,AZ:0000307,,,,,,,,,,,
,,,AZ:0000308,,AZ:0000308,,,,,,,,,,,
,,,AZ:0000309,,AZ:0000309,,,,,,,,,,,
,,,AZ:0000310,,AZ:0000310,,,,,,,,,,,
,,,AZ:0000311,,AZ:0000311,,,,,,,,,,,
,,,AZ:0000312,,AZ:0000312,,,,,,,,,,,
,,,AZ:0000313,,AZ:0000313,,,,,,,,,,,
,,,AZ:0000314,,AZ:0000314,,,,,,,,,,,
,,,AZ:0000315,,AZ:0000315,,,,,,,,,,,
,,,AZ:0000316,,AZ:0000316,,,,,,,,,,,
,,,AZ:0000317,,AZ:0000317,,,,,,,,,,,
,,,AZ:0000318,,AZ:0000318,,,,,,,,,,,
,,,AZ:0000319,,AZ:0000319,,,,,,,,,,,
,,,AZ:0000320,,AZ:0000320,,,,,,,,,,,
,,,AZ:0000321,,AZ:0000321,,,,,,,,,,,
,,,AZ:0000322,,AZ:0000322,,,,,,,,,,,
,,,AZ:0000323,,AZ:0000323,,,,,,,,,,,
,,,AZ:0000324,,AZ:0000324,,,,,,,,,,,
,,,AZ:0000325,,AZ:0000325,,,,,,,,,,,
,,,AZ:0000326,,AZ:0000326,,,,,,,,,,,
,,,AZ:0000327,,AZ:0000327,,,,,,,,,,,
,,,AZ:0000328,,AZ:0000328,,,,,,,,,,,
,,,AZ:0000329,,AZ:0000329,,,,,,,,,,,
,,,AZ:0000330,,AZ:0000330,,,,,,,,,,,
,,,AZ:0000331,,AZ:0000331,,,,,,,,,,,
,,,AZ:0000332,,AZ:0000332,,,,,,,,,,,
,,,AZ:0000333,,AZ:0000333,,,,,,,,,,,
,,,AZ:0000334,,AZ:0000334,,,,,,,,,,,
,,,AZ:0000335,,AZ:0000335,,,,,,,,,,,
,,,AZ:0000336,,AZ:0000336,,,,,,,,,,,
,,,AZ:0000337,,AZ:0000337,,,,,,,,,,,
,,,AZ:0000338,,AZ:0000338,,,,,,,,,,,
,,,AZ:0000339,,AZ:0000339,,,,,,,,,,,
,,,AZ:0000340,,AZ:0000340,,,,,,,,,,,
,,,AZ:0000341,,AZ:0000341,,,,,,,,,,,
,,,AZ:0000342,,AZ:0000342,,,,,,,,,,,
,,,AZ:0000343,,AZ:0000343,,,,,,,,,,,
,,,AZ:0000344,,AZ:0000344,,,,,,,,,,,
,,,AZ:0000345,,AZ:0000345,,,,,,,,,,,
,,,AZ:0000346,,AZ:0000346,,,,,,,,,,,
,,,AZ:0000347,,AZ:0000347,,,,,,,,,,,
,,,AZ:0000348,,AZ:0000348,,,,,,,,,,,
,,,AZ:0000349,,AZ:0000349,,,,,,,,,,,